city,county,median_home_price,population,zip_codes,school_district,highlights,faq_1_q,faq_1_a,faq_2_q,faq_2_a,faq_3_q,faq_3_a
San Jose,Santa Clara,$1450000,1013240,"95110,95111,95112,95113,95116,95117,95118,95119,95120,95121,95122,95123,95124,95125,95126,95127,95128,95129,95130,95131,95132,95133,95134,95135,95136,95138,95139,95140,95141,95148",San Jose Unified,"Tech hub, diverse neighborhoods, Willow Glen, Almaden Valley","What is the average home price in San Jose?","The median home price in San Jose is approximately $1.45 million, though prices vary significantly by neighborhood from $900K in East San Jose to over $2M in Almaden Valley.","Is San Jose a good place to buy a home?","San Jose offers excellent investment potential as the heart of Silicon Valley, with strong job growth, top-rated schools in many neighborhoods, and diverse housing options from condos to luxury estates.","What are the best neighborhoods in San Jose?","Popular neighborhoods include Willow Glen for walkability, Almaden Valley for families, Cambrian Park for affordability, and Santana Row area for urban living."
Saratoga,Santa Clara,$4200000,31051,"95070",Saratoga Union,"Top schools, luxury estates, scenic foothills, wine country","What is the average home price in Saratoga?","The median home price in Saratoga is approximately $4.2 million, making it one of the most expensive cities in the Bay Area with homes ranging from $2M to over $10M.","Why is Saratoga so expensive?","Saratoga commands premium prices due to its top-ranked schools (including Lynbrook High), large lot sizes, scenic foothill location, low crime rates, and proximity to Silicon Valley employers.","What are the best areas to live in Saratoga?","Desirable areas include the Saratoga Village area for walkability, the foothills near Hakone Gardens for privacy, and neighborhoods near Saratoga High School."
Los Altos,Santa Clara,$4500000,31436,"94022,94024",Los Altos School District,"Charming downtown, top schools, tree-lined streets, family-friendly","What is the average home price in Los Altos?","The median home price in Los Altos is approximately $4.5 million, with homes typically ranging from $3M for smaller properties to $8M+ for larger estates.","What makes Los Altos desirable?","Los Altos is prized for its award-winning schools, charming downtown with local shops and restaurants, large lots with mature trees, and strong sense of community.","Is Los Altos good for families?","Los Altos is consistently ranked among the best places to raise a family in California due to its excellent schools, safe neighborhoods, and family-oriented community events."
Mountain View,Santa Clara,$2100000,82376,"94040,94041,94043",Mountain View Whisman,"Google headquarters, Castro Street, Caltrain access, tech hub","What is the average home price in Mountain View?","The median home price in Mountain View is approximately $2.1 million, with significant variation from $1.5M for condos to $3M+ for single-family homes.","Is Mountain View a good investment?","Mountain View offers strong appreciation potential due to major tech employers (Google, Meta nearby), excellent transit options, and limited housing supply.","What are the best neighborhoods in Mountain View?","Popular areas include Old Mountain View near Castro Street, Cuesta Park for families, and Waverly Park for larger homes. The Shoreline area offers newer construction."
Palo Alto,Santa Clara,$3800000,68572,"94301,94303,94304,94306",Palo Alto Unified,"Stanford University, venture capital hub, top schools, downtown","What is the average home price in Palo Alto?","The median home price in Palo Alto is approximately $3.8 million, with homes ranging from $2M for smaller properties to $10M+ in prestigious neighborhoods.","Why is Palo Alto so desirable?","Palo Alto's appeal stems from Stanford University, top-ranked public schools, a vibrant downtown, proximity to venture capital firms, and excellent quality of life.","What are the best areas in Palo Alto?","Sought-after neighborhoods include Old Palo Alto for historic charm, Professorville near Stanford, Crescent Park for large lots, and Community Center for walkability."
Sunnyvale,Santa Clara,$1900000,155860,"94085,94086,94087,94089",Sunnyvale School District,"Apple, tech companies, diverse dining, central location","What is the average home price in Sunnyvale?","The median home price in Sunnyvale is approximately $1.9 million, offering relatively more affordable options compared to neighboring Cupertino and Los Altos.","Is Sunnyvale a good place to live?","Sunnyvale offers an excellent balance of affordability, job proximity (Apple, LinkedIn, Google nearby), good schools, diverse restaurants, and central Bay Area location.","What are the best neighborhoods in Sunnyvale?","Popular areas include Lakewood for families, Cherry Chase for mid-century homes, and areas near downtown Sunnyvale (Murphy Avenue) for walkability."
Cupertino,Santa Clara,$2800000,60381,"95014,95015",Cupertino Union,"Apple Park, top schools, diverse community, De Anza College","What is the average home price in Cupertino?","The median home price in Cupertino is approximately $2.8 million, driven largely by its exceptional school ratings and proximity to Apple headquarters.","Why are Cupertino schools so highly rated?","Cupertino schools consistently rank among California's best due to strong parental involvement, excellent funding, and a culture that prioritizes academic achievement.","What are the best neighborhoods in Cupertino?","Desirable areas include neighborhoods near Monta Vista High School, Rancho Rinconada for larger lots, and areas near Main Street Cupertino for amenities."
Santa Clara,Santa Clara,$1650000,129488,"95050,95051,95052,95054",Santa Clara Unified,"Intel, 49ers stadium, Great America, university","What is the average home price in Santa Clara?","The median home price in Santa Clara is approximately $1.65 million, offering more affordable options than neighboring cities while maintaining Silicon Valley access.","Is Santa Clara good for first-time buyers?","Santa Clara offers relatively more affordable entry points to Silicon Valley homeownership, with good schools, major employers, and diverse housing options.","What are the highlights of living in Santa Clara?","Santa Clara offers proximity to Intel and other tech companies, Levi's Stadium, California's Great America, Santa Clara University, and a central location."
Milpitas,Santa Clara,$1450000,80273,"95035",Milpitas Unified,"Great Mall, BART access, diverse community, growing tech hub","What is the average home price in Milpitas?","The median home price in Milpitas is approximately $1.45 million, making it one of the more affordable Silicon Valley cities with BART access.","Is Milpitas a good investment?","Milpitas has seen strong appreciation due to BART extension, growing tech presence, and relative affordability compared to western Santa Clara County.","What are the pros of living in Milpitas?","Milpitas offers BART access, diverse dining options, the Great Mall, newer housing developments, and more affordable entry to Silicon Valley."
Campbell,Santa Clara,$1800000,43342,"95008,95009",Campbell Union,"Downtown charm, Pruneyard, Los Gatos Creek Trail","What is the average home price in Campbell?","The median home price in Campbell is approximately $1.8 million, offering a charming downtown atmosphere at slightly lower prices than neighboring Los Gatos.","What makes Campbell special?","Campbell offers a walkable downtown with local restaurants and shops, the Pruneyard shopping center, excellent trail access, and a strong sense of community.","Is Campbell good for families?","Campbell is excellent for families with good schools, safe neighborhoods, community events like Boogie Music Festival, and easy access to parks and trails."
Los Gatos,Santa Clara,$2900000,33529,"95030,95032,95033",Los Gatos Union,"Historic downtown, mountain access, upscale dining, trails","What is the average home price in Los Gatos?","The median home price in Los Gatos is approximately $2.9 million, with homes ranging from $1.5M townhomes to $10M+ hillside estates.","Why do people love Los Gatos?","Los Gatos offers a charming historic downtown, excellent restaurants, proximity to hiking trails, top schools, and a sophisticated small-town atmosphere.","What are the best neighborhoods in Los Gatos?","Popular areas include downtown Los Gatos for walkability, the hills for views and privacy, and neighborhoods near Los Gatos High School for families."
Pleasanton,Alameda,$1600000,79871,"94566,94588",Pleasanton Unified,"Downtown charm, wineries, top schools, family-friendly","What is the average home price in Pleasanton?","The median home price in Pleasanton is approximately $1.6 million, offering excellent value compared to South Bay while maintaining top-rated schools.","Is Pleasanton a good place to raise a family?","Pleasanton is consistently ranked among the best places to raise a family in California due to excellent schools, safe neighborhoods, and abundant family activities.","What makes Pleasanton special?","Pleasanton offers a charming downtown, proximity to Livermore wine country, top-rated schools, Ruby Hill golf community, and easy BART access."
Dublin,Alameda,$1350000,72589,"94568",Dublin Unified,"BART access, new development, shopping, young families","What is the average home price in Dublin?","The median home price in Dublin is approximately $1.35 million, making it one of the more affordable Tri-Valley options with BART access.","Is Dublin growing?","Dublin has experienced rapid growth with new housing developments, retail centers, and amenities while maintaining good schools and BART connectivity.","What are the pros of living in Dublin?","Dublin offers BART access, newer construction, diverse dining at Dublin Town Center, proximity to Livermore outlets, and more affordable Tri-Valley pricing."
San Ramon,Contra Costa,$1500000,84605,"94582,94583",San Ramon Valley Unified,"Bishop Ranch, trails, top schools, corporate headquarters","What is the average home price in San Ramon?","The median home price in San Ramon is approximately $1.5 million, offering excellent schools and amenities at lower prices than South Bay equivalents.","Why choose San Ramon?","San Ramon offers top-rated schools, the Bishop Ranch business park, extensive trail systems, newer homes, and a family-friendly atmosphere.","What are the best neighborhoods in San Ramon?","Popular areas include Gale Ranch for newer construction, Dougherty Valley for families, and Crow Canyon area for established neighborhoods."
Fremont,Alameda,$1550000,230504,"94536,94538,94539,94555",Fremont Unified,"Tesla factory, diverse community, Mission Peak, BART","What is the average home price in Fremont?","The median home price in Fremont is approximately $1.55 million, offering diverse neighborhoods and housing types from condos to large estates.","Is Fremont a good place to live?","Fremont offers excellent diversity, strong schools especially in Mission San Jose area, BART access, proximity to Tesla/tech jobs, and outdoor recreation at Mission Peak.","What are the best neighborhoods in Fremont?","Top areas include Mission San Jose for schools, Niles for historic charm, Ardenwood for families, and Warm Springs for newer construction and BART."
Newark,Alameda,$1200000,49468,"94560",Newark Unified,"Affordable Bay Area, wetlands, growing community","What is the average home price in Newark?","The median home price in Newark is approximately $1.2 million, making it one of the more affordable options in the southern East Bay.","Is Newark a good first-time buyer option?","Newark offers more affordable entry to Bay Area homeownership while providing access to Silicon Valley jobs via Dumbarton Bridge.","What are Newark's advantages?","Newark offers relative affordability, proximity to Facebook/Meta via Dumbarton, Don Edwards Wildlife Refuge access, and a growing downtown area."
Union City,Alameda,$1150000,74296,"94587",New Haven Unified,"BART access, diverse, affordable, central location","What is the average home price in Union City?","The median home price in Union City is approximately $1.15 million, offering BART access at more affordable prices than neighboring Fremont.","Is Union City good for commuters?","Union City is excellent for commuters with BART access and central location between San Jose and Oakland/San Francisco.","What makes Union City appealing?","Union City offers affordable Bay Area living, BART station, diverse community, and easy access to both Peninsula and East Bay employment centers."
Hayward,Alameda,$950000,162954,"94541,94542,94544,94545",Hayward Unified,"Cal State East Bay, affordable, BART, diverse","What is the average home price in Hayward?","The median home price in Hayward is approximately $950K, making it one of the most affordable cities in the Bay Area with BART access.","Is Hayward a good investment?","Hayward offers strong investment potential due to affordable prices, BART connectivity, Cal State East Bay, and ongoing downtown revitalization.","What are the best areas in Hayward?","Desirable areas include Hayward Hills for views, areas near Cal State East Bay, and downtown Hayward for walkability and future appreciation."
San Mateo,San Mateo,$1750000,105661,"94401,94402,94403,94404",San Mateo Union High,"Downtown dining, Caltrain, central Peninsula location","What is the average home price in San Mateo?","The median home price in San Mateo is approximately $1.75 million, offering excellent Peninsula location at more moderate prices than cities further south.","Is San Mateo a good place to live?","San Mateo offers a vibrant downtown, excellent Caltrain access, diverse dining scene, and central location between San Francisco and Silicon Valley.","What are the best neighborhoods in San Mateo?","Popular areas include Hillsdale for shopping access, San Mateo Park for historic homes, and Baywood for larger lots and good schools."
Burlingame,San Mateo,$2400000,30576,"94010",Burlingame School District,"Broadway downtown, tree-lined streets, Caltrain, airport proximity","What is the average home price in Burlingame?","The median home price in Burlingame is approximately $2.4 million, reflecting its desirable downtown, excellent schools, and convenient location.","Why is Burlingame so popular?","Burlingame offers charming Broadway Avenue shopping, tree-lined streets, excellent schools, Caltrain access, and proximity to SFO airport.","What are the best areas in Burlingame?","Sought-after areas include Burlingame Hills for larger homes, Ray Park for families, and downtown for walkability to Broadway Avenue."
Redwood City,San Mateo,$1800000,84292,"94061,94062,94063,94065",Redwood City School District,"Downtown revitalization, diverse, Caltrain, tech companies","What is the average home price in Redwood City?","The median home price in Redwood City is approximately $1.8 million, with significant variation from $1.2M in eastern areas to $3M+ in Emerald Hills.","Is Redwood City up and coming?","Redwood City has undergone significant revitalization with new restaurants, tech companies, and housing while maintaining diverse neighborhoods and relative affordability.","What are the best neighborhoods in Redwood City?","Popular areas include Emerald Hills for views, Mt. Carmel for families, downtown for walkability, and Redwood Shores for waterfront living."
Menlo Park,San Mateo,$3200000,35254,"94025,94026",Menlo Park City School District,"Facebook/Meta headquarters, Stanford adjacent, venture capital","What is the average home price in Menlo Park?","The median home price in Menlo Park is approximately $3.2 million, with homes in west Menlo Park reaching $5-10M+.","Why is Menlo Park expensive?","Menlo Park commands premium prices due to Meta headquarters, proximity to Stanford, top schools, venture capital presence, and established neighborhoods.","What are the best areas in Menlo Park?","Desirable areas include Sharon Heights, Allied Arts for large lots, downtown for walkability, and Belle Haven for more affordable options."
Atherton,San Mateo,$7500000,7083,"94027",Menlo Park City School District,"Ultra-luxury estates, privacy, top wealth concentration","What is the average home price in Atherton?","The median home price in Atherton is approximately $7.5 million, making it one of the most expensive zip codes in America with homes often exceeding $20M.","Who lives in Atherton?","Atherton is home to tech executives, venture capitalists, and other high-net-worth individuals who value privacy, large estates, and excellent schools.","What makes Atherton unique?","Atherton offers no commercial development, minimum 1-acre lots, exceptional privacy, top schools, and proximity to Stanford and Sand Hill Road."
Woodside,San Mateo,$4500000,5562,"94062",Woodside Elementary,"Equestrian community, redwood forests, rural luxury","What is the average home price in Woodside?","The median home price in Woodside is approximately $4.5 million, with properties ranging from $2M to $20M+ depending on acreage and amenities.","What is Woodside known for?","Woodside is known for its equestrian lifestyle, redwood forests, large ranch properties, and wealthy residents who value privacy and natural beauty.","Is Woodside good for horse owners?","Woodside is one of the Bay Area's premier equestrian communities with numerous horse properties, riding trails, and the historic Woodside Store."
Portola Valley,San Mateo,$4800000,4526,"94028",Portola Valley School District,"Rural luxury, open space, trails, exclusive community","What is the average home price in Portola Valley?","The median home price in Portola Valley is approximately $4.8 million, reflecting its rural character, large lots, and exclusive community atmosphere.","What makes Portola Valley special?","Portola Valley offers rural living minutes from Silicon Valley, extensive open space, excellent trails, award-winning schools, and a tight-knit community.","Is Portola Valley good for outdoor enthusiasts?","Portola Valley is excellent for outdoor enthusiasts with access to Windy Hill, Coal Creek, and numerous trails for hiking, biking, and horseback riding."
Foster City,San Mateo,$1900000,34494,"94404",San Mateo-Foster City School District,"Lagoon living, planned community, safe, waterfront","What is the average home price in Foster City?","The median home price in Foster City is approximately $1.9 million, offering waterfront living and excellent safety at moderate Peninsula prices.","Is Foster City good for families?","Foster City is excellent for families with top schools, extensive lagoon system for water activities, abundant parks, and very low crime rates.","What makes Foster City unique?","Foster City is a planned community built on reclaimed land featuring an extensive lagoon system, waterfront homes, and pedestrian-friendly design."
San Carlos,San Mateo,$2200000,30037,"94070",San Carlos School District,"Downtown charm, White Oaks, Caltrain, community events","What is the average home price in San Carlos?","The median home price in San Carlos is approximately $2.2 million, reflecting its excellent schools, charming downtown, and convenient location.","Why do families love San Carlos?","San Carlos offers award-winning schools, a walkable downtown with local shops, active community events, and a strong neighborhood feel.","What are the best areas in San Carlos?","Popular areas include White Oaks for larger lots, Highlands for views, and downtown for walkability to Laurel Street shops and restaurants."
Belmont,San Mateo,$2000000,28276,"94002",Belmont-Redwood Shores School District,"Hills views, central location, diverse neighborhoods","What is the average home price in Belmont?","The median home price in Belmont is approximately $2 million, offering good value relative to neighboring San Carlos and Hillsborough.","Is Belmont a good choice for buyers?","Belmont offers excellent schools, diverse neighborhoods from flatlands to hills, central Peninsula location, and relatively good value.","What are Belmont's highlights?","Belmont offers hill neighborhoods with views, proximity to Oracle and tech employers, good schools, and easy access to both 101 and 280 freeways."
Hillsborough,San Mateo,$5500000,11387,"94010",Hillsborough City School District,"Ultra-luxury estates, prestigious, large lots","What is the average home price in Hillsborough?","The median home price in Hillsborough is approximately $5.5 million, with many estates exceeding $10M in this prestigious community.","What makes Hillsborough exclusive?","Hillsborough features minimum half-acre lots, no commercial development, award-winning schools, and has been home to prominent families for generations.","Is Hillsborough only for ultra-wealthy buyers?","While Hillsborough is predominantly luxury estates, occasional smaller properties or those needing renovation may offer entry points around $3-4M."
Walnut Creek,Contra Costa,$1100000,70144,"94595,94596,94597,94598",Walnut Creek School District,"Downtown dining, BART, Broadway Plaza, Mt. Diablo access","What is the average home price in Walnut Creek?","The median home price in Walnut Creek is approximately $1.1 million, offering excellent downtown amenities at prices below Peninsula equivalents.","Is Walnut Creek good for retirees?","Walnut Creek is popular with retirees due to its excellent downtown, cultural amenities, medical facilities, and active adult communities.","What makes Walnut Creek appealing?","Walnut Creek offers a vibrant downtown, Broadway Plaza shopping, BART access, proximity to Mt. Diablo, and diverse housing options."
Danville,Contra Costa,$2200000,44805,"94506,94526",San Ramon Valley Unified,"Charming downtown, top schools, Blackhawk, rural luxury","What is the average home price in Danville?","The median home price in Danville is approximately $2.2 million, with homes in Blackhawk and gated communities often exceeding $3-5M.","Why is Danville so desirable?","Danville offers top-rated schools, charming downtown, proximity to Mt. Diablo, and prestigious communities like Blackhawk while maintaining a small-town feel.","What are the best neighborhoods in Danville?","Popular areas include Blackhawk for luxury estates, downtown for walkability, Alamo adjacent areas, and Diablo for equestrian properties."
Lafayette,Contra Costa,$2100000,26006,"94549",Lafayette School District,"Downtown charm, trails, top schools, community feel","What is the average home price in Lafayette?","The median home price in Lafayette is approximately $2.1 million, reflecting its excellent schools, charming downtown, and strong community.","Is Lafayette good for families?","Lafayette is excellent for families with top-rated schools, safe neighborhoods, extensive hiking trails, and active youth sports programs.","What makes Lafayette special?","Lafayette offers a small-town feel with excellent schools, a walkable downtown, BART access, and beautiful hillside properties with privacy."
Orinda,Contra Costa,$2000000,19935,"94563",Orinda Union School District,"Family-oriented, top schools, hills, BART access","What is the average home price in Orinda?","The median home price in Orinda is approximately $2 million, offering top schools and family-friendly atmosphere in a semi-rural setting.","Why do families choose Orinda?","Orinda offers award-winning schools, safe hillside neighborhoods, community theater and arts, and BART access while maintaining privacy and natural beauty.","What are Orinda's highlights?","Orinda features excellent schools, the Orinda Theatre and Library, extensive hiking at Briones and Tilden, and a tight-knit community feel."
Moraga,Contra Costa,$1700000,17027,"94556",Moraga School District,"Saint Mary's College, family community, Campolindo High","What is the average home price in Moraga?","The median home price in Moraga is approximately $1.7 million, offering excellent schools at slightly lower prices than neighboring Orinda and Lafayette.","Is Moraga a hidden gem?","Moraga offers similar quality schools and community feel as Orinda/Lafayette at somewhat lower prices, plus Saint Mary's College amenities.","What makes Moraga appealing?","Moraga offers top-rated Campolindo High School, Saint Mary's College campus, safe neighborhoods, and a close-knit community atmosphere."
Alameda,Alameda,$1250000,79177,"94501,94502",Alameda Unified,"Island living, Victorian homes, beaches, family-friendly","What is the average home price in Alameda?","The median home price in Alameda is approximately $1.25 million, offering unique island living with Victorian charm at reasonable Bay Area prices.","Is Alameda a good place to live?","Alameda offers unique island community feel, beautiful Victorian architecture, beaches, and excellent access to Oakland and San Francisco.","What makes Alameda unique?","Alameda is an island city with charming Victorian homes, Crown Memorial Beach, diverse dining, and a distinct small-town atmosphere within the Bay Area."
Berkeley,Alameda,$1400000,124321,"94702,94703,94704,94705,94706,94707,94708,94709,94710",Berkeley Unified,"UC Berkeley, diverse culture, progressive community, dining","What is the average home price in Berkeley?","The median home price in Berkeley is approximately $1.4 million, with significant variation from $800K in South Berkeley to $2M+ in the hills.","Is Berkeley a good investment?","Berkeley offers strong appreciation due to UC Berkeley presence, cultural amenities, diverse community, and limited housing supply in desirable areas.","What are the best neighborhoods in Berkeley?","Popular areas include Rockridge for walkability, Claremont for large homes, North Berkeley for dining, and Berkeley Hills for views."
Oakland,Alameda,$850000,433823,"94601,94602,94603,94605,94606,94607,94608,94609,94610,94611,94612,94618,94619",Oakland Unified,"Diverse neighborhoods, Lake Merritt, revitalization, arts scene","What is the average home price in Oakland?","The median home price in Oakland is approximately $850K, with huge variation from $500K in East Oakland to $2M+ in Rockridge and the hills.","Is Oakland up and coming?","Oakland has seen significant appreciation in neighborhoods like Temescal, Rockridge, and areas near Lake Merritt due to urban revitalization and SF spillover.","What are the best neighborhoods in Oakland?","Popular areas include Rockridge for dining, Montclair for families, Lake Merritt for urban living, Temescal for arts, and Piedmont Avenue for charm."
San Francisco,San Francisco,$1350000,873965,"94102,94103,94104,94105,94107,94108,94109,94110,94111,94112,94114,94115,94116,94117,94118,94121,94122,94123,94124,94127,94129,94130,94131,94132,94133,94134",San Francisco Unified,"World-class city, diverse neighborhoods, iconic landmarks, culture","What is the average home price in San Francisco?","The median home price in San Francisco is approximately $1.35 million, ranging from $800K for condos to $5M+ for single-family homes in prime neighborhoods.","Is San Francisco real estate a good investment?","San Francisco offers unique urban living with strong long-term appreciation, though market cycles can be volatile. Limited land and strict zoning support prices.","What are the best neighborhoods in San Francisco?","Popular areas include Noe Valley and Glen Park for families, Marina and Pacific Heights for young professionals, and Sunset/Richmond for value."
Daly City,San Mateo,$1100000,104901,"94014,94015",Jefferson Union High,"Affordable SF adjacent, diverse, fog belt, Westlake","What is the average home price in Daly City?","The median home price in Daly City is approximately $1.1 million, making it one of the more affordable options for buyers wanting SF proximity.","Is Daly City a good first-time buyer option?","Daly City offers affordable entry to the Bay Area with BART access, diverse community, and easy San Francisco commute at lower prices.","What are Daly City's highlights?","Daly City offers affordable Peninsula living, diverse dining, BART stations, and proximity to San Francisco while maintaining a distinct community."
South San Francisco,San Mateo,$1200000,66105,"94080",South San Francisco Unified,"Biotech hub, diverse, BART, growing employment","What is the average home price in South San Francisco?","The median home price in South San Francisco is approximately $1.2 million, offering Peninsula location at more affordable prices.","Why is South San Francisco growing?","South San Francisco is the biotech capital of the world with major employers like Genentech, driving housing demand and economic growth.","Is South San Francisco good for professionals?","South San Francisco offers proximity to biotech employers, BART access, SFO airport, and more affordable housing than neighboring cities."
Pacifica,San Mateo,$1300000,39752,"94044",Jefferson Union High,"Ocean views, beach lifestyle, fog, coastal community","What is the average home price in Pacifica?","The median home price in Pacifica is approximately $1.3 million, offering coastal living at prices below many Peninsula alternatives.","Is Pacifica good for beach lovers?","Pacifica offers multiple beaches, surfing, and coastal trails for those who enjoy ocean lifestyle, though fog is common.","What are Pacifica's tradeoffs?","Pacifica offers beautiful coastal living and relative affordability but experiences significant fog, limited dining options, and winding commute routes."
Half Moon Bay,San Mateo,$1900000,12534,"94019",Cabrillo Unified,"Coastal charm, agriculture, beaches, small-town feel","What is the average home price in Half Moon Bay?","The median home price in Half Moon Bay is approximately $1.9 million, reflecting its coastal beauty and limited housing supply.","What is Half Moon Bay lifestyle like?","Half Moon Bay offers small-town coastal living with local farms, beaches, and outdoor recreation while being within commuting distance of Silicon Valley.","Is Half Moon Bay good for families?","Half Moon Bay is excellent for families seeking coastal lifestyle, outdoor activities, and small-town community, though commute over Highway 92 can be challenging."
